Image 0,Image 1,"Homography Matrix[0,0]","[0,1]","[0,2]","[1,0]","[1,1]","[1,2]","[2,0]","[2,1]","[2,2]",Features Tracked,xmean,ymean,xsd,ysd,Mean Error Magnitude,Mean Homographic displacement,Homography SNR
IMG_8712.CR2,IMG_8722.CR2,1.001080236187838,0.0006537749801188594,-1.437752603250345,0.00019061034811108582,1.001026172283257,-1.0598863387992494,1.7230567914650322e-07,3.4271465256889884e-07,1.0,2225,6.433455437678794,5.001311300122538,543.7459896134901,465.39155582299696,24.26391721299963,1.323693298413161,9.13821555283874
IMG_8722.CR2,IMG_8759.CR2,0.99741721069011,-0.001425876361983802,5.39842774825274,-0.0008676620697322558,0.9990386163103828,1.3099620774967358,-6.148008145373507e-07,2.860638411233334e-10,1.0,2582,0.3907621966137057,-0.20209171298224768,15.056284659656082,10.810540698506491,1.904646833684716,0.6508351650548034,3.5392793517413725
