Image, UV length, XYZ length 
IMG_8712.CR2,1333.8156084734078,572.4788207810265
IMG_8722.CR2,1741.9052260470908,693.6824629750063
IMG_8759.CR2,1824.086496296914,702.1362856333943
