Image,UV area,XYZ area 
2021_07_13.CR2,2826902.0,517577.74327929073
2021_07_15.CR2,887963.0,151827.3292433125
